Workbook

Sheet Read Me
B1: boAt vs Noise -- Amazon.in Sponsored-Ad / Keyword-Placement Audit
B3: What this dataset is
B4: A scrape of live Amazon.in search results for 16 keywords covering boAt and Noise TWS earbuds and wearables, captured via the Apify actor crawloop/amazon-search-scraper. Each row is one product card seen in the search-results grid for one keyword, tagged with whether Amazon marked it as a Sponsored (paid ad) placement.
B6: The 16 keywords break down as:
B7: - 6 exact-SKU searches: boAt Nirvana Ion ANC, boAt Chrome Horizon, boAt Lunar Vista, Noise Buds N2 Pro, Noise ColorFit Ultra 3, Noise Alt Watch 1
B8: - 6 category searches: wireless earbuds, earbuds with anc, bluetooth earbuds under 2000, smartwatch with bluetooth calling, smartwatch under 2000, smartwatch under 3000
B9: - 4 brand-defense / conquesting searches: boat earbuds, boat smartwatch, noise earbuds, noise smartwatch
B11: Column notes
B12: position -- the product's slot index within THAT PAGE's results grid for that keyword. IMPORTANT: position resets per page -- it is NOT a continuous rank across pages 1 and 2 (page 2's position 3 is not the 3rd item overall, it's the 3rd slot on page 2). Lower position = higher up / more visible on the page. Sponsored and organic items share the same position numbering, interleaved in the order they visually appear on the page, so a sponsored item at position 3 is far more prominent than one at position 20. You will see gaps in the sequence (e.g. jumping from 9 to 16, or page 1 not starting at 1) -- this is expected, not missing data: some grid slots are non-product SERP elements (banner ads, "customers also viewed" widgets, video tiles, brand carousels) that the scraper doesn't return as product rows.
B14: page -- which of the 2 search-results pages fetched per keyword (1 or 2) this row came from. Page 1 is far more valuable real estate than page 2: most shoppers never click through to page 2, so a sponsored slot on page 1 deserves much more weight in the analysis than the same position on page 2. This run captured 341 rows from page 1 and 325 from page 2.
B16: is_sponsored -- Yes/No, from Amazon's own "Sponsored" badge on that listing as detected by the scraper.
B18: brand -- boAt / Noise / "Other: <word>", auto-tagged by matching whole words in the title. "Other: X" means a competitor brand guessed from the first word of the title (e.g. "Other: Fire" = Fire-Boltt).
... B31: This data is from the actor crawloop/amazon-search-scraper. An earlier attempt used a different actor (scrapeify/amazon-scraper) which failed outright on 14 of 16 keywords (anti-bot "schema validation" errors) and, on the 2 keywords where it did return data, showed 0 sponsored placements across 47 results -- implausible for these search terms, and a sign its sponsored-ad detection wasn't reliable. crawloop's actor was verified against 3 test keywords (confirmed real, non-zero sponsored counts) before running the full 16-keyword sweep captured here.

Sheet Data
A1: keyword | B1: position | C1: page | D1: is_sponsored | E1: brand | F1: matched_sku | G1: asin | H1: title | I1: price | J1: product_url
A2: boAt Nirvana Ion ANC | B2: 3 | C2: 1 | D2: Yes | E2: Other: realme | G2: B0DBGP48NW | H2: realme | I2: ₹2,241 | J2: https://www.amazon.in/dp/B0DBGP48NW
A3: boAt Nirvana Ion ANC | B3: 4 | C3: 1 | D3: Yes | E3: boAt | G3: B0BW8TXJJ2 | H3: boAt | I3: ₹1,799 | J3: https://www.amazon.in/dp/B0BW8TXJJ2
A4: boAt Nirvana Ion ANC | B4: 5 | C4: 1 | D4: No | E4: boAt | G4: B0CF5QFH77 | H4: boAt | I4: ₹1,999 | J4: https://www.amazon.in/boAt-Nirvana-Ion-ANC-Cancellation/dp/B0CF5QFH77/ref=sr_1_3
A5: boAt Nirvana Ion ANC | B5: 6 | C5: 1 | D5: No | E5: boAt | G5: B0FP9DP8FH | H5: boAt | I5: ₹2,299 | J5: https://www.amazon.in/Nirvana-Battery-Bluetooth-Wireless-Earphones/dp/B0FP9DP8FH/ref=sr_1_4
A6: boAt Nirvana Ion ANC | B6: 7 | C6: 1 | D6: Yes | E6: Noise | G6: B0DS2Y94LS | H6: Noise | I6: ₹1,499 | J6: https://www.amazon.in/dp/B0DS2Y94LS
A7: boAt Nirvana Ion ANC | B7: 8 | C7: 1 | D7: Yes | E7: Noise | G7: B0D4QNLF6Y | H7: Noise | I7: ₹1,499 | J7: https://www.amazon.in/dp/B0D4QNLF6Y
A8: boAt Nirvana Ion ANC | B8: 12 | C8: 1 | D8: No | E8: Other: OnePlus | G8: B0FMDL81GS | H8: OnePlus | I8: ₹1,749 | J8: https://www.amazon.in/OnePlus-Playback-Translation-Dual-Device-Connectivity/dp/B0FMDL81GS/ref=sr_1_7
A9: boAt Nirvana Ion ANC | B9: 13 | C9: 1 | D9: No | E9: boAt | G9: B0DGTVLKPT | H9: boAt | I9: ₹1,899 | J9: https://www.amazon.in/boAt-Nirvana-Crystl-White-Lustre/dp/B0DGTVLKPT/ref=sr_1_8
A10: boAt Nirvana Ion ANC | B10: 14 | C10: 1 | D10: Yes | E10: Noise | G10: B0FN7J4997 | H10: Noise | I10: ₹1,599 | J10: https://www.amazon.in/dp/B0FN7J4997
A11: boAt Nirvana Ion ANC | B11: 15 | C11: 1 | D11: Yes | E11: Other: GOBOULT | G11: B0H6B1L8N1 | H11: GOBOULT | I11: ₹1,799 | J11: https://www.amazon.in/dp/B0H6B1L8N1
A12: boAt Nirvana Ion ANC | B12: 16 | C12: 1 | D12: No | E12: boAt | G12: B0DQKY3R84 | H12: boAt | I12: ₹1,999 | J12: https://www.amazon.in/boAt-Nirvana-TWS-Bluetooth-Earphones/dp/B0DQKY3R84/ref=sr_1_11
A13: boAt Nirvana Ion ANC | B13: 17 | C13: 1 | D13: No | E13: boAt | G13: B0D4VN3S8T | H13: boAt | I13: ₹2,299 | J13: https://www.amazon.in/boAt-Nirvana-Space-Multipoint-Connectivity/dp/B0D4VN3S8T/ref=sr_1_12
... A108: boAt Chrome Horizon | B108: 6 | C108: 2 | D108: No | E108: Other: GOBOULT | G108: B0G3PVS17V | H108: GOBOULT | I108: ₹2,999 | J108: https://www.amazon.in/GOBOULT-Saber-Functional-Watchfaces-Brightness/dp/B0G3PVS17V/ref=sr_1_20
A109: boAt Chrome Horizon | B109: 7 | C109: 2 | D109: No | E109: Other: CrossBeats | G109: B0F8GP4FL1 | H109: CrossBeats | J109: https://www.amazon.in/CrossBeats-Everest-Display-Bluetooth-Smartwatch/dp/B0F8GP4FL1/ref=sr_1_21
A110: boAt Chrome Horizon | B110: 8 | C110: 2 | D110: No | E110: boAt | F110: boAt Chrome Horizon | G110: B0GQQLW352 | H110: 2-Pack Screen Protector for Boat Chrome Horizon 1.51 inch Smartwatch – Flexible TPU Screen Guard, HD Clear, Anti Scratch, Bubble Free, Full Coverage Film – Not Tempered Glass | I110: ₹149 | J110: https://www.amazon.in/HELLOSCREEN-Boat-Chrome-Horizon-Smartwatch/dp/B0GQQLW352/ref=sr_1_22
A111: boAt Chrome Horizon | B111: 12 | C111: 2 | D111: No | E111: boAt | F111: boAt Chrome Horizon | G111: B0GTZY4H8T | H111: 2 Pack Smartwatch Screen Protector for Boat Chrome Horizon 1.51 inch – Flexible TPU Screen Guard, Ultra Thin, Scratch Resistant, Bubble Free, Full Coverage – Not Tempered Glass | I111: ₹149 | J111: https://www.amazon.in/PROTECTERR-Smartwatch-Protector-Chrome-Horizon/dp/B0GTZY4H8T/ref=sr_1_23
A112: boAt Chrome Horizon | B112: 13 | C112: 2 | D112: No | E112: boAt | F112: boAt Chrome Horizon | G112: B0FYFP7WLF | H112: Screen Protector Screenguard Compatible With BoAt Chrome Horizon (1.51 Inch), Edge to Edge Hydrogel TPU Screen Guard not a Tempered Glass (Pack of 3) | I112: ₹229 | J112: https://www.amazon.in/TELTREK-Screenguard-Compatible-Chrome-Horizon/dp/B0FYFP7WLF/ref=sr_1_24
A113: boAt Chrome Horizon | B113: 14 | C113: 2 | D113: No | E113: boAt | F113: boAt Chrome Horizon | G113: B0G35LCBM8 | H113: 3 Pack Screen Protector Compatible With BoAt Chrome Horizon (1.51 Inch) TPU Screen Guard Not a Tempered Glass | I113: ₹229 | J113: https://www.amazon.in/ZINGTEL-Compatible-BoAt-Chrome-Horizon/dp/B0G35LCBM8/ref=sr_1_25
A114: boAt Chrome Horizon | B114: 15 | C114: 2 | D114: No | E114: Other: Wisely | G114: B0FCY78Y66 | H114: Wisely | I114: ₹150 | J114: https://www.amazon.in/Wisely-Boat-Chrome-Horizon-Anti-Scratch/dp/B0FCY78Y66/ref=sr_1_26
A115: boAt Chrome Horizon | B115: 16 | C115: 2 | D115: No | E115: Other: AONES | G115: B0FBX6RRGH | H115: AONES | I115: ₹359 | J115: https://www.amazon.in/AONES-Leather-Silicone-Compatible-Smartwatch/dp/B0FBX6RRGH/ref=sr_1_27
A116: boAt Chrome Horizon | B116: 17 | C116: 2 | D116: No | E116: Other: AONES | G116: B0FC1R4J3Z | H116: AONES | I116: ₹449 | J116: https://www.amazon.in/AONES-Magnetic-Silicone-Compatible-Smartwatch/dp/B0FC1R4J3Z/ref=sr_1_28
A117: boAt Chrome Horizon | B117: 18 | C117: 2 | D117: No | E117: Other: AONES | G117: B0FC1P2H4N | H117: AONES | I117: ₹449 | J117: https://www.amazon.in/AONES-Magnetic-Silicone-Compatible-Smartwatch/dp/B0FC1P2H4N/ref=sr_1_29
A118: boAt Chrome Horizon | B118: 19 | C118: 2 | D118: No | E118: Other: AONES | G118: B0FC1P14N1 | H118: AONES | I118: ₹449 | J118: https://www.amazon.in/AONES-Magnetic-Silicone-Compatible-Smartwatch/dp/B0FC1P14N1/ref=sr_1_30
A119: boAt Chrome Horizon | B119: 23 | C119: 2 | D119: No | E119: Other: AONES | G119: B0FC1RTCYK | H119: AONES | I119: ₹449 | J119: https://www.amazon.in/AONES-Magnetic-Silicone-Compatible-Smartwatch/dp/B0FC1RTCYK/ref=sr_1_31
A120: boAt Chrome Horizon | B120: 24 | C120: 2 | D120: No | E120: Other: AONES | G120: B0FC1JJXQB | H120: AONES | I120: ₹429 | J120: https://www.amazon.in/AONES-Silicone-Compatible-Horizon-Smartwatch/dp/B0FC1JJXQB/ref=sr_1_32
A121: boAt Chrome Horizon | B121: 25 | C121: 2 | D121: No | E121: Other: AONES | G121: B0FD35ZGC4 | H121: AONES | I121: ₹469 | J121: https://www.amazon.in/AONES-Silicone-Magnetic-Compatible-Smartwatch/dp/B0FD35ZGC4/ref=sr_1_33
A122: boAt Chrome Horizon | B122: 26 | C122: 2 | D122: No | E122: Other: AONES | G122: B0FC1WRY8T | H122: AONES | I122: ₹429 | J122: https://www.amazon.in/AONES-Silicone-Compatible-Horizon-Smartwatch/dp/B0FC1WRY8T/ref=sr_1_34
A123: boAt Chrome Horizon | B123: 27 | C123: 2 | D123: No | E123: Other: YODI | G123: B0FRY2YHDD | H123: YODI | I123: ₹499 | J123: https://www.amazon.in/YODI-Parasuit-Compatible-Smartwatch-Accessories/dp/B0FRY2YHDD/ref=sr_1_35
A124: boAt Lunar Vista | B124: 2 | C124: 1 | D124: Yes | E124: boAt | G124: B0DFYL4635 | H124: boAt | I124: ₹1,599 | J124: https://www.amazon.in/dp/B0DFYL4635
A125: boAt Lunar Vista | B125: 3 | C125: 1 | D125: Yes | E125: Other: Fire | G125: B0F992RNJF | H125: Fire-Boltt | I125: ₹1,799 | J125: https://www.amazon.in/dp/B0F992RNJF
... A142: boAt Lunar Vista | B142: 25 | C142: 1 | D142: No | E142: Other: Fire | G142: B0BY2R74YW | H142: Fire-Boltt | I142: ₹1,499 | J142: https://www.amazon.in/Fire-Boltt-Bluetooth-Calling-Smartwatch-Assistance/dp/B0BY2R74YW/ref=sr_1_20
A143: boAt Lunar Vista | B143: 26 | C143: 1 | D143: No | E143: boAt | G143: B0GX9F6XY6 | H143: boAt | J143: https://www.amazon.in/boAt-Smartwatch-Charging-Functional-Tracking/dp/B0GX9F6XY6/ref=sr_1_21
A144: boAt Lunar Vista | B144: 27 | C144: 1 | D144: No | E144: boAt | G144: B0H5QGRDX8 | H144: boAt | I144: ₹1,499 | J144: https://www.amazon.in/boAt-Metallic-Tracking-Bluetooth-Emergency/dp/B0H5QGRDX8/ref=sr_1_22
A145: boAt Lunar Vista | B145: 3 | C145: 2 | D145: Yes | E145: Other: Fire | G145: B0B3RRWSF6 | H145: Fire-Boltt | I145: ₹1,299 | J145: https://www.amazon.in/dp/B0B3RRWSF6
A146: boAt Lunar Vista | B146: 4 | C146: 2 | D146: Yes | E146: Other: Fire | G146: B0CMF25TKG | H146: Fire‑Boltt Rise Smart Watch 1.85″ HD Display with Bluetooth Calling, AI Voice Assistant, Rotating Crown,SpO2 & Heart Rate Monitor, 120+ Sports Modes,IP67 Waterproof Smart Watch for Men & Women - Black | I146: ₹1,299 | J146: https://www.amazon.in/dp/B0CMF25TKG
A147: boAt Lunar Vista | B147: 5 | C147: 2 | D147: Yes | E147: Other: Nervfit | G147: B0DW9B76RV | H147: Nervfit | I147: ₹1,565 | J147: https://www.amazon.in/dp/B0DW9B76RV
A148: boAt Lunar Vista | B148: 6 | C148: 2 | D148: No | E148: boAt | G148: B0FBMGHL22 | H148: boAt | I148: ₹1,599 | J148: https://www.amazon.in/boAt-Infinity-Maximum-Capacity-Functional/dp/B0FBMGHL22/ref=sr_1_20
A149: boAt Lunar Vista | B149: 7 | C149: 2 | D149: No | E149: boAt | G149: B0CM38JVX4 | H149: boAt | I149: ₹3,499 | J149: https://www.amazon.in/boAt-Embrace-Functional-Metal-Built-Animated/dp/B0CM38JVX4/ref=sr_1_21
A150: boAt Lunar Vista | B150: 8 | C150: 2 | D150: No | E150: boAt | G150: B0GPDRBRBX | H150: boAt | I150: ₹1,699 | J150: https://www.amazon.in/boAt-Smartwatch-Immersive-Functional-Monitoring/dp/B0GPDRBRBX/ref=sr_1_22
A151: boAt Lunar Vista | B151: 14 | C151: 2 | D151: No | E151: boAt | G151: B0G4MFK5MD | H151: boAt | I151: ₹1,799 | J151: https://www.amazon.in/AuraVue-Display-Brightness-Premium-Bluetooth/dp/B0G4MFK5MD/ref=sr_1_23
A152: boAt Lunar Vista | B152: 15 | C152: 2 | D152: No | E152: boAt | G152: B0FLK5LQ6X | H152: boAt | I152: ₹1,699 | J152: https://www.amazon.in/boAt-Lunar-Discovery-Emergency-Functional/dp/B0FLK5LQ6X/ref=sr_1_24
A153: boAt Lunar Vista | B153: 16 | C153: 2 | D153: No | E153: boAt | G153: B0GPDV4GGT | H153: boAt | I153: ₹2,999 | J153: https://www.amazon.in/boAt-Brightness-Monitoring-Tracking-Smartwatch/dp/B0GPDV4GGT/ref=sr_1_25
A154: boAt Lunar Vista | B154: 17 | C154: 2 | D154: No | E154: boAt | G154: B0DFYLCMZF | H154: boAt | I154: ₹3,299 | J154: https://www.amazon.in/boAt-Enigma-Radiant-Functional-Breathing/dp/B0DFYLCMZF/ref=sr_1_26
A155: boAt Lunar Vista | B155: 18 | C155: 2 | D155: No | E155: boAt | G155: B0F491YC5Q | H155: boAt | I155: ₹2,594 | J155: https://www.amazon.in/boAt-Auto-Activity-Detection-Advanced-Bluetooth/dp/B0F491YC5Q/ref=sr_1_27
... A179: Noise ColorFit Ultra 3 | B179: 20 | C179: 1 | D179: No | E179: Other: Wisely | G179: B0C46LH3MH | H179: Wisely | I179: ₹150 | J179: https://www.amazon.in/Wisely-Pack-SmartWatch-Protector-Compatible/dp/B0C46LH3MH/ref=sr_1_16_mod_primary_new
A180: Noise ColorFit Ultra 3 | B180: 21 | C180: 1 | D180: No | E180: Noise | F180: Noise ColorFit Ultra 3 | G180: B09HN6QB25 | H180: Noise ColorFit Charger for TWIST/Pulse 2 Max/Pulse Go Buzz/Halo/Halo Plus/Pulse Grand/Quad Call/ColorFit Pro 4/Pro 4 Alpha/ColorFit Pulse/Pulse 3/ColorFit Ultra/Ultra 3/Pulse Buzz smartwatches | I180: ₹169 | J180: https://www.amazon.in/iTronix-Replacement-ColorFit-NoiseFit-Smartwatches/dp/B09HN6QB25/ref=sr_1_17
A181: Noise ColorFit Ultra 3 | B181: 22 | C181: 1 | D181: No | E181: Noise | G181: B0DGXRLS1C | H181: Noise | I181: ₹4,499 | J181: https://www.amazon.in/Noise-Pro-Smart-Watch-Intelligent/dp/B0DGXRLS1C/ref=sr_1_18
A182: Noise ColorFit Ultra 3 | B182: 23 | C182: 1 | D182: No | E182: Other: ZELFO | G182: B0C3LP4XYW | H182: ZELFO | I182: ₹219 | J182: https://www.amazon.in/ZELFO-Smart-Silicone-Compatible-ColorFit/dp/B0C3LP4XYW/ref=sr_1_19
A183: Noise ColorFit Ultra 3 | B183: 24 | C183: 1 | D183: No | E183: Noise | G183: B0C5X2JV72 | H183: Noise | I183: ₹2,999 | J183: https://www.amazon.in/Noise-Smartwatch-Diamond-Metallic-Display/dp/B0C5X2JV72/ref=sr_1_20
A184: Noise ColorFit Ultra 3 | B184: 25 | C184: 1 | D184: No | E184: Noise | G184: B0FQVDMGJ4 | H184: Noise | I184: ₹4,999 | J184: https://www.amazon.in/Noise-NoiseFit-Halo-Smartwatch-Vintage/dp/B0FQVDMGJ4/ref=sr_1_21
A185: Noise ColorFit Ultra 3 | B185: 27 | C185: 1 | D185: No | E185: Noise | G185: B0CFYP7XR3 | H185: Noise | I185: ₹3,499 | J185: https://www.amazon.in/Noise-Biggest-personalization-Productivity-Rosegold/dp/B0CFYP7XR3/ref=sr_1_22
A186: Noise ColorFit Ultra 3 | B186: 3 | C186: 2 | D186: Yes | E186: Noise | G186: B0CQRRNNS4 | H186: Noise | I186: ₹1,299 | J186: https://www.amazon.in/dp/B0CQRRNNS4
A187: Noise ColorFit Ultra 3 | B187: 4 | C187: 2 | D187: Yes | E187: Noise | G187: B0B6BLTGTT | H187: Noise | I187: ₹1,399 | J187: https://www.amazon.in/dp/B0B6BLTGTT
A188: Noise ColorFit Ultra 3 | B188: 6 | C188: 2 | D188: No | E188: Other: ACM | G188: B0C3VG4LJF | H188: ACM | I188: ₹289 | J188: https://www.amazon.in/ACM-Silicone-Compatible-Colorfit-Smartwatch/dp/B0C3VG4LJF/ref=sr_1_20
A189: Noise ColorFit Ultra 3 | B189: 7 | C189: 2 | D189: No | E189: Other: CERLINK | G189: B0DXD6KV4D | H189: CERLINK | I189: ₹159 | J189: https://www.amazon.in/CERLINK-Magnetic-Charging-Cable-ColorFit/dp/B0DXD6KV4D/ref=sr_1_21
A190: Noise ColorFit Ultra 3 | B190: 8 | C190: 2 | D190: No | E190: Other: ACM | G190: B0BG5H62DN | H190: ACM | I190: ₹499 | J190: https://www.amazon.in/ACM-Stainless-compatible-Evolve-Smartwatch/dp/B0BG5H62DN/ref=sr_1_22
A191: Noise ColorFit Ultra 3 | B191: 10 | C191: 2 | D191: No | E191: Noise | F191: Noise ColorFit Ultra 3 | G191: B0GTPSFZ9R | H191: 2 Pack Smartwatch Screen Protector for Noise ColorFit Ultra 3 1.96 inch – Flexible TPU Screen Guard, Ultra Thin, Scratch Resistant, Bubble Free, Full Coverage – Not Tempered Glass | I191: ₹149 | J191: https://www.amazon.in/PROTECTERR-Smartwatch-Noise-ColorFit-Ultra/dp/B0GTPSFZ9R/ref=sr_1_23
A192: Noise ColorFit Ultra 3 | B192: 11 | C192: 2 | D192: No | E192: Noise | F192: Noise ColorFit Ultra 3 | G192: B0C3LP2P1S | H192: Smart Watch Strap Compatible with Noise ColorFit Ultra 3 Smart Watch - Soft Silicone Strap | I192: ₹219 | J192: https://www.amazon.in/MELFO-Smart-Watch-Compatible-ColorFit/dp/B0C3LP2P1S/ref=sr_1_24
A193: Noise ColorFit Ultra 3 | B193: 12 | C193: 2 | D193: No | E193: Noise | F193: Noise ColorFit Ultra 3 | G193: B0C1Y19GTZ | H193: 22 mm Silicone Magnetic Watch Straps Belt Band Compatible with Noise ColorFit Ultra/Ultra 2, Pro 3, Active/GPS, Buzz, Core, Nav & Nav+, Endure Smartwatch Straps, | I193: ₹199 | J193: https://www.amazon.in/Silicone-Magnetic-Watch-Band-Compatible/dp/B0C1Y19GTZ/ref=sr_1_25
A194: Noise ColorFit Ultra 3 | B194: 13 | C194: 2 | D194: No | E194: Other: TKM | G194: B0D98HL4BJ | H194: TKM | I194: ₹190 | J194: https://www.amazon.in/TKM-Silicone-Compatible-Smartwatch-Replacement/dp/B0D98HL4BJ/ref=sr_1_26
A195: Noise ColorFit Ultra 3 | B195: 14 | C195: 2 | D195: No | E195: Noise | F195: Noise ColorFit Ultra 3 | G195: B0C3LNL5WQ | H195: Smart Watch Strap Compatible with Noise ColorFit Ultra 3 Smart Watch - Synthetic Leather Strap | I195: ₹249 | J195: https://www.amazon.in/MELFO-Smart-Watch-Compatible-ColorFit/dp/B0C3LNL5WQ/ref=sr_1_27
A196: Noise ColorFit Ultra 3 | B196: 15 | C196: 2 | D196: No | E196: Other: Sounce | G196: B0CX97FMBR | H196: Sounce | I196: ₹149 | J196: https://www.amazon.in/Sounce-Magnetic-Charging-ColorFit-Smartwatches/dp/B0CX97FMBR/ref=sr_1_28
A197: Noise ColorFit Ultra 3 | B197: 16 | C197: 2 | D197: No | E197: Other: Colorcase | G197: B0F7FNNNJD | H197: Colorcase | I197: ₹379 | J197: https://www.amazon.in/Colorcase-Smart-Stainless-Compatible-ColorFit/dp/B0F7FNNNJD/ref=sr_1_29
A198: Noise ColorFit Ultra 3 | B198: 17 | C198: 2 | D198: No | E198: Noise | F198: Noise ColorFit Ultra 3 | G198: B0BNLTW9BL | H198: 22mm Watch Straps Belt Band Compatible with Noise ColorFit Ultra/Ultra 2, Vision, Caliber, Pro 3, Active/GPS, Buzz, Core, Nav & Nav+, Endure Smartwatch Straps,Textured Design, | I198: ₹229 | J198: https://www.amazon.in/22mm-Watch-Belt-Band-Compatible/dp/B0BNLTW9BL/ref=sr_1_30
A199: Noise ColorFit Ultra 3 | B199: 18 | C199: 2 | D199: No | E199: Other: AONES | G199: B0C6GNC9D5 | H199: AONES | I199: ₹349 | J199: https://www.amazon.in/AONES-Magnetic-Compatible-ColorFit-SmartWatch/dp/B0C6GNC9D5/ref=sr_1_31
A200: Noise ColorFit Ultra 3 | B200: 19 | C200: 2 | D200: No | E200: Noise | F200: Noise ColorFit Ultra 3 | G200: B0FHF5VCPR | H200: 2 Pack | Smartwatch Screen Protector Guard for Noise Colorfit Ultra 3 | 1.96 inch | Flexible TPU Film, 9H Scratch Resistant, Bubble Free - Not a Tempered Glass | I200: ₹149 | J200: https://www.amazon.in/HELLOSCREEN-Noise-Ultra-1-96-inch/dp/B0FHF5VCPR/ref=sr_1_32
A201: Noise ColorFit Ultra 3 | B201: 20 | C201: 2 | D201: No | E201: Noise | F201: Noise ColorFit Ultra 3 | G201: B0H83PPKPD | H201: Noise Original Watch Cable for Twist/Pulse 2 Max/Pulse Go Buzz/Halo/Halo Plus/Pulse Grand/Quad Call/ColorFit Pro 4/Pro 4 Alpha/ColorFit Pulse/Pulse 3/ColorFit Ultra/Ultra 3/Pulse Buzz Smartwatches | I201: ₹129 | J201: https://www.amazon.in/Noise-Original-Watch-ColorFit-Smartwatches/dp/B0H83PPKPD/ref=sr_1_33
A202: Noise ColorFit Ultra 3 | B202: 21 | C202: 2 | D202: No | E202: Other: Wisely | G202: B0C3WJC28Y | H202: Wisely | I202: ₹150 | J202: https://www.amazon.in/Wisely-Noise-ColorFit-Ultra-installation/dp/B0C3WJC28Y/ref=sr_1_34
A203: Noise ColorFit Ultra 3 | B203: 22 | C203: 2 | D203: No | E203: Other: Colorcase | G203: B0F6KMCBJJ | H203: Colorcase | I203: ₹269 | J203: https://www.amazon.in/Colorcase-Smart-Watch-Compatible-ColorFit/dp/B0F6KMCBJJ/ref=sr_1_35
A204: Noise Alt Watch 1 | B204: 2 | C204: 1 | D204: Yes | E204: Noise | G204: B0GT5BKZB2 | H204: Noise | I204: ₹5,999 | J204: https://www.amazon.in/dp/B0GT5BKZB2
A205: Noise Alt Watch 1 | B205: 3 | C205: 1 | D205: Yes | E205: Noise | G205: B0D6N83X6D | H205: Noise | I205: ₹3,499 | J205: https://www.amazon.in/dp/B0D6N83X6D
A206: Noise Alt Watch 1 | B206: 4 | C206: 1 | D206: No | E206: Noise | G206: B0GT57JPXX | H206: Noise | I206: ₹5,999 | J206: https://www.amazon.in/Noise-Launched-Functional-Rotating-Brightness/dp/B0GT57JPXX/ref=sr_1_3
A207: Noise Alt Watch 1 | B207: 5 | C207: 1 | D207: No | E207: Noise | G207: B0GZW8CTBF | H207: Noise | I207: ₹5,999 | J207: https://www.amazon.in/Noise-Functional-Rotating-1000NITS-Brightness/dp/B0GZW8CTBF/ref=sr_1_4
A208: Noise Alt Watch 1 | B208: 6 | C208: 1 | D208: Yes | E208: Noise | G208: B0FNCQ7MLT | H208: Noise | I208: ₹7,999 | J208: https://www.amazon.in/dp/B0FNCQ7MLT
A209: Noise Alt Watch 1 | B209: 7 | C209: 1 | D209: Yes | E209: Noise | G209: B0DMF23B83 | H209: Noise | I209: ₹7,999 | J209: https://www.amazon.in/dp/B0DMF23B83
A210: Noise Alt Watch 1 | B210: 8 | C210: 1 | D210: No | E210: Noise | G210: B0CQ4K11B1 | H210: Noise | I210: ₹1,899 | J210: https://www.amazon.in/Noise-Smartwatch-Calling-Tracking-Monitoring/dp/B0CQ4K11B1/ref=sr_1_7
A211: Noise Alt Watch 1 | B211: 9 | C211: 1 | D211: No | E211: Other: Fastrack | G211: B0GLPF5GBP | H211: Fastrack | I211: ₹1,619.10 | J211: https://www.amazon.in/Fastrack-Jupiter-Display-Charging-Calling/dp/B0GLPF5GBP/ref=sr_1_8
A212: Noise Alt Watch 1 | B212: 10 | C212: 1 | D212: Yes | E212: Noise | G212: B0GMKL443R | H212: NoiseFit Halo Limited Edition 1.43" AMOLED Display, Bluetooth Calling Round Dial Smart Watch, Premium Metallic Build, Always on Display, Smart Gesture Control, 100 Sports Modes (Midnight Alloy) | I212: ₹2,699 | J212: https://www.amazon.in/dp/B0GMKL443R
A213: Noise Alt Watch 1 | B213: 11 | C213: 1 | D213: Yes | E213: Noise | G213: B0CG1Y3336 | H213: Noise | I213: ₹1,999 | J213: https://www.amazon.in/dp/B0CG1Y3336
... A219: Noise Alt Watch 1 | B219: 21 | C219: 1 | D219: No | E219: Other: Titan | G219: B0GVYWSJHY | H219: Titan | I219: ₹5,999 | J219: https://www.amazon.in/Titan-Smartwatch-assistant-Hydration-Multisports/dp/B0GVYWSJHY/ref=sr_1_17
A220: Noise Alt Watch 1 | B220: 22 | C220: 1 | D220: No | E220: Noise | G220: B0F8JF1R8X | H220: Noise | J220: https://www.amazon.in/Noise-Assistant-Bluetooth-Calling-Stainless/dp/B0F8JF1R8X/ref=sr_1_18
A221: Noise Alt Watch 1 | B221: 23 | C221: 1 | D221: No | E221: Noise | G221: B0DNQQ67JY | H221: Noise | I221: ₹1,499 | J221: https://www.amazon.in/Noise-Vibrant-Bluetooth-Metallic-Assistance/dp/B0DNQQ67JY/ref=sr_1_19
A222: Noise Alt Watch 1 | B222: 24 | C222: 1 | D222: No | E222: Other: TOMBIK | G222: B0H4H2ZQM5 | H222: TOMBIK | I222: ₹229 | J222: https://www.amazon.in/TOMBIK-Protector-Compatible-Bubble-Free-Protective/dp/B0H4H2ZQM5/ref=sr_1_20
A223: Noise Alt Watch 1 | B223: 25 | C223: 1 | D223: No | E223: Noise | G223: B0FNCQXYBY | H223: Noise | I223: ₹6,999 | J223: https://www.amazon.in/Noise-Integration-Stainless-Emergency-Connectivity/dp/B0FNCQXYBY/ref=sr_1_21
A224: Noise Alt Watch 1 | B224: 28 | C224: 1 | D224: No | E224: Noise | G224: B0FQV9Q4N6 | H224: Noise | I224: ₹4,999 | J224: https://www.amazon.in/Noise-NoiseFit-Halo-Smartwatch-Black/dp/B0FQV9Q4N6/ref=sr_1_22
A225: Noise Alt Watch 1 | B225: 3 | C225: 2 | D225: Yes | E225: Other: Fire | G225: B0F992RNJF | H225: Fire-Boltt | I225: ₹1,799 | J225: https://www.amazon.in/dp/B0F992RNJF
A226: Noise Alt Watch 1 | B226: 6 | C226: 2 | D226: No | E226: Noise | G226: B0GSRN8KLC | H226: Noise | I226: ₹6,499 | J226: https://www.amazon.in/Noise-Compatible-Geofencing-Monitoring-Emergency/dp/B0GSRN8KLC/ref=sr_1_20
A227: Noise Alt Watch 1 | B227: 7 | C227: 2 | D227: No | E227: Other: ACM | G227: B0H4WDTD9X | H227: ACM | I227: ₹369 | J227: https://www.amazon.in/ACM-Watch-Strap-compatible-Smartwatch/dp/B0H4WDTD9X/ref=sr_1_21
A228: Noise Alt Watch 1 | B228: 8 | C228: 2 | D228: Yes | E228: Other: Fire | G228: B0F2Z2399K | H228: Fire-Boltt | I228: ₹999 | J228: https://www.amazon.in/dp/B0F2Z2399K
A229: Noise Alt Watch 1 | B229: 9 | C229: 2 | D229: Yes | E229: Other: Fire | G229: B0CG1VX5P4 | H229: Fire-Boltt | I229: ₹1,599 | J229: https://www.amazon.in/dp/B0CG1VX5P4
A230: Noise Alt Watch 1 | B230: 15 | C230: 2 | D230: No | E230: Other: YODI | G230: B0H83BLZZQ | H230: YODI | I230: ₹699 | J230: https://www.amazon.in/YODI-Compatible-Smartwatch-Accessories-STURDY-GREEN/dp/B0H83BLZZQ/ref=sr_1_24
A231: Noise Alt Watch 1 | B231: 16 | C231: 2 | D231: No | E231: Noise | G231: B0D6GK2871 | H231: Noise | I231: ₹2,499 | J231: https://www.amazon.in/Noise-Display-Functional-Premium-Metallic/dp/B0D6GK2871/ref=sr_1_25
A232: Noise Alt Watch 1 | B232: 17 | C232: 2 | D232: Yes | E232: Other: PunnkFunnk | G232: B0DT952P8J | H232: PunnkFunnk | I232: ₹949 | J232: https://www.amazon.in/dp/B0DT952P8J
... A237: Noise Alt Watch 1 | B237: 23 | C237: 2 | D237: No | E237: Noise | G237: B0B6BPTFT5 | H237: Noise | I237: ₹1,220 | J237: https://www.amazon.in/Noise-Advanced-Bluetooth-Brightness-Smartwatch/dp/B0B6BPTFT5/ref=sr_1_32
A238: Noise Alt Watch 1 | B238: 24 | C238: 2 | D238: No | E238: Noise | G238: B0F4RGHCF2 | H238: Noise | J238: https://www.amazon.in/Noise-Immersive-Smartwatch-Resistant-Functional/dp/B0F4RGHCF2/ref=sr_1_33
A239: Noise Alt Watch 1 | B239: 25 | C239: 2 | D239: No | E239: Noise | G239: B0DBZT67WS | H239: Noise | I239: ₹4,499 | J239: https://www.amazon.in/Noise-Launched-Functional-Stainless-Transition/dp/B0DBZT67WS/ref=sr_1_34
A240: Noise Alt Watch 1 | B240: 26 | C240: 2 | D240: No | E240: Other: Saco | G240: B0HD7YS8P5 | H240: Saco | I240: ₹289 | J240: https://www.amazon.in/Saco-Anti-Glare-Hydrogel-Screen-Compatible/dp/B0HD7YS8P5/ref=sr_1_35
A241: Noise Alt Watch 1 | B241: 27 | C241: 2 | D241: No | E241: Other: Saco | G241: B0HD7TBDZ7 | H241: Saco | I241: ₹279 | J241: https://www.amazon.in/Saco-Hydrogel-Screen-Guard-Compatible/dp/B0HD7TBDZ7/ref=sr_1_36
A242: Noise Alt Watch 1 | B242: 28 | C242: 2 | D242: No | E242: Other: YODI | G242: B0H7XS1TTJ | H242: YODI | I242: ₹278 | J242: https://www.amazon.in/YODI-Magnetic-Buckle-Silicone-Smartwatch/dp/B0H7XS1TTJ/ref=sr_1_37
...

Sheet Summary
A1: boAt vs Noise Amazon.in Ads Audit -- Summary
A3: Run totals
A4: Metric | B4: Value
A5: Total rows scraped | B5: =COUNTA(Data!A2:A667) -> 666
A6: Total sponsored slots | B6: =COUNTIF(Data!D2:D667,"Yes") -> 173
A7: Page 1 rows | B7: =COUNTIF(Data!C2:C667,1) -> 341
A8: Page 2 rows | B8: =COUNTIF(Data!C2:C667,2) -> 325
A9: Avg. sponsored position -- boAt | B9: =ROUND(AVERAGEIFS(Data!B2:B667,Data!D2:D667,"Yes",Data!E2:E667,"boAt"),1) -> 7
A10: Avg. sponsored position -- Noise | B10: =ROUND(AVERAGEIFS(Data!B2:B667,Data!D2:D667,"Yes",Data!E2:E667,"Noise"),1) -> 9
A12: Sponsored share-of-voice by brand (all 16 keywords combined)
A13: Brand | B13: Sponsored slots | C13: % of sponsored
A14: Noise | B14: =COUNTIFS(Data!D2:D667,"Yes",Data!E2:E667,"Noise") -> 93 | C14: =B14/$B$6 -> 0.53757225
A15: Other: Fire | B15: =COUNTIFS(Data!D2:D667,"Yes",Data!E2:E667,"Other: Fire") -> 28 | C15: =B15/$B$6 -> 0.16184971
A16: Other: Fastrack | B16: =COUNTIFS(Data!D2:D667,"Yes",Data!E2:E667,"Other: Fastrack") -> 15 | C16: =B16/$B$6 -> 0.086705202
A17: boAt | B17: =COUNTIFS(Data!D2:D667,"Yes",Data!E2:E667,"boAt") -> 10 | C17: =B17/$B$6 -> 0.057803468
A18: Other: Wireless | B18: =COUNTIFS(Data!D2:D667,"Yes",Data!E2:E667,"Other: Wireless") -> 5 | C18: =B18/$B$6 -> 0.028901734
A19: Other: realme | B19: =COUNTIFS(Data!D2:D667,"Yes",Data!E2:E667,"Other: realme") -> 3 | C19: =B19/$B$6 -> 0.01734104
A20: Other: GOBOULT | B20: =COUNTIFS(Data!D2:D667,"Yes",Data!E2:E667,"Other: GOBOULT") -> 3 | C20: =B20/$B$6 -> 0.01734104
A21: Other: Pebble | B21: =COUNTIFS(Data!D2:D667,"Yes",Data!E2:E667,"Other: Pebble") -> 3 | C21: =B21/$B$6 -> 0.01734104
A22: Other: Mivi | B22: =COUNTIFS(Data!D2:D667,"Yes",Data!E2:E667,"Other: Mivi") -> 2 | C22: =B22/$B$6 -> 0.011560694
A23: Other: PunnkFunnk | B23: =COUNTIFS(Data!D2:D667,"Yes",Data!E2:E667,"Other: PunnkFunnk") -> 2 | C23: =B23/$B$6 -> 0.011560694
A24: Other: Titan | B24: =COUNTIFS(Data!D2:D667,"Yes",Data!E2:E667,"Other: Titan") -> 2 | C24: =B24/$B$6 -> 0.011560694
A25: Other: truke | B25: =COUNTIFS(Data!D2:D667,"Yes",Data!E2:E667,"Other: truke") -> 1 | C25: =B25/$B$6 -> 0.0057803468
A26: Other: Apple | B26: =COUNTIFS(Data!D2:D667,"Yes",Data!E2:E667,"Other: Apple") -> 1 | C26: =B26/$B$6 -> 0.0057803468
A27: Other: Single | B27: =COUNTIFS(Data!D2:D667,"Yes",Data!E2:E667,"Other: Single") -> 1 | C27: =B27/$B$6 -> 0.0057803468
A28: Other: Ultrapods | B28: =COUNTIFS(Data!D2:D667,"Yes",Data!E2:E667,"Other: Ultrapods") -> 1 | C28: =B28/$B$6 -> 0.0057803468
A29: Other: Nervfit | B29: =COUNTIFS(Data!D2:D667,"Yes",Data!E2:E667,"Other: Nervfit") -> 1 | C29: =B29/$B$6 -> 0.0057803468
A30: Other: JLab | B30: =COUNTIFS(Data!D2:D667,"Yes",Data!E2:E667,"Other: JLab") -> 1 | C30: =B30/$B$6 -> 0.0057803468
A31: Other: MONKEYMAN | B31: =COUNTIFS(Data!D2:D667,"Yes",Data!E2:E667,"Other: MONKEYMAN") -> 1 | C31: =B31/$B$6 -> 0.0057803468
A33: SKU-level conquesting: competitor sponsored ads on each SKU's own name search
A34: ("conquesting" = a sponsored ad from a brand other than the SKU's own, on that exact SKU's name search)
A35: SKU search (keyword) | B35: Competitor brand | C35: Sponsored slots taken
A36: boAt Nirvana Ion ANC | B36: Noise | C36: =COUNTIFS(Data!A2:A667,"boAt Nirvana Ion ANC",Data!D2:D667,"Yes",Data!E2:E667,"Noise") -> 5
A37: boAt Nirvana Ion ANC | B37: Other: realme | C37: =COUNTIFS(Data!A2:A667,"boAt Nirvana Ion ANC",Data!D2:D667,"Yes",Data!E2:E667,"Other: realme") -> 1
A38: boAt Nirvana Ion ANC | B38: Other: GOBOULT | C38: =COUNTIFS(Data!A2:A667,"boAt Nirvana Ion ANC",Data!D2:D667,"Yes",Data!E2:E667,"Other: GOBOULT") -> 1
A39: boAt Nirvana Ion ANC | B39: Other: truke | C39: =COUNTIFS(Data!A2:A667,"boAt Nirvana Ion ANC",Data!D2:D667,"Yes",Data!E2:E667,"Other: truke") -> 1
A40: Noise Buds N2 Pro | B40: Other: Wireless | C40: =COUNTIFS(Data!A2:A667,"Noise Buds N2 Pro",Data!D2:D667,"Yes",Data!E2:E667,"Other: Wireless") -> 3
A41: Noise Buds N2 Pro | B41: Other: Apple | C41: =COUNTIFS(Data!A2:A667,"Noise Buds N2 Pro",Data!D2:D667,"Yes",Data!E2:E667,"Other: Apple") -> 1
A42: Noise Buds N2 Pro | B42: Other: Mivi | C42: =COUNTIFS(Data!A2:A667,"Noise Buds N2 Pro",Data!D2:D667,"Yes",Data!E2:E667,"Other: Mivi") -> 1
A43: Noise Buds N2 Pro | B43: Other: Single | C43: =COUNTIFS(Data!A2:A667,"Noise Buds N2 Pro",Data!D2:D667,"Yes",Data!E2:E667,"Other: Single") -> 1
A44: Noise Buds N2 Pro | B44: Other: Ultrapods | C44: =COUNTIFS(Data!A2:A667,"Noise Buds N2 Pro",Data!D2:D667,"Yes",Data!E2:E667,"Other: Ultrapods") -> 1
A45: boAt Chrome Horizon | B45: Noise | C45: =COUNTIFS(Data!A2:A667,"boAt Chrome Horizon",Data!D2:D667,"Yes",Data!E2:E667,"Noise") -> 5
A46: boAt Chrome Horizon | B46: Other: Fire | C46: =COUNTIFS(Data!A2:A667,"boAt Chrome Horizon",Data!D2:D667,"Yes",Data!E2:E667,"Other: Fire") -> 1
A47: boAt Lunar Vista | B47: Other: Fire | C47: =COUNTIFS(Data!A2:A667,"boAt Lunar Vista",Data!D2:D667,"Yes",Data!E2:E667,"Other: Fire") -> 6
A48: boAt Lunar Vista | B48: Other: Nervfit | C48: =COUNTIFS(Data!A2:A667,"boAt Lunar Vista",Data!D2:D667,"Yes",Data!E2:E667,"Other: Nervfit") -> 1
A49: Noise Alt Watch 1 | B49: Other: Fire | C49: =COUNTIFS(Data!A2:A667,"Noise Alt Watch 1",Data!D2:D667,"Yes",Data!E2:E667,"Other: Fire") -> 3
A50: Noise Alt Watch 1 | B50: Other: Fastrack | C50: =COUNTIFS(Data!A2:A667,"Noise Alt Watch 1",Data!D2:D667,"Yes",Data!E2:E667,"Other: Fastrack") -> 2
A51: Noise Alt Watch 1 | B51: Other: PunnkFunnk | C51: =COUNTIFS(Data!A2:A667,"Noise Alt Watch 1",Data!D2:D667,"Yes",Data!E2:E667,"Other: PunnkFunnk") -> 1
A52: Noise ColorFit Ultra 3 | B52: (none found) | C52: =COUNTIFS(Data!A2:A667,"Noise ColorFit Ultra 3",Data!D2:D667,"Yes")-COUNTIFS(Data!A2:A667,"Noise ColorFit Ultra 3",Data!D2:D667,"Yes",Data!E2:E667,"Noise") -> 0
A54: Brand-level conquesting: competitor sponsored ads on the OTHER brand's name search (generic, not SKU-specific)
A55: Keyword | B55: Competitor brand | C55: Sponsored slots taken
A56: boat earbuds | B56: Noise | C56: =COUNTIFS(Data!A2:A667,"boat earbuds",Data!D2:D667,"Yes",Data!E2:E667,"Noise") -> 10
A57: boat smartwatch | B57: Noise | C57: =COUNTIFS(Data!A2:A667,"boat smartwatch",Data!D2:D667,"Yes",Data!E2:E667,"Noise") -> 0
A58: noise earbuds | B58: boAt | C58: =COUNTIFS(Data!A2:A667,"noise earbuds",Data!D2:D667,"Yes",Data!E2:E667,"boAt") -> 0
A59: noise smartwatch | B59: boAt | C59: =COUNTIFS(Data!A2:A667,"noise smartwatch",Data!D2:D667,"Yes",Data!E2:E667,"boAt") -> 0
A61: See the Read Me tab for what position/page/brand/matched_sku mean and how to use this table.
